book_id,title,author,description
1,Book 1,Unknown Author,Description of Book 1
2,Book 2,Unknown Author,Description of Book 2
3,Book 3,Unknown Author,Description of Book 3
4,Book 4,Unknown Author,Description of Book 4
5,Book 5,Unknown Author,Description of Book 5
6,Book 6,Unknown Author,Description of Book 6
7,Book 7,Unknown Author,Description of Book 7
8,Book 8,Unknown Author,Description of Book 8
9,Book 9,Unknown Author,Description of Book 9
10,Book 10,Unknown Author,Description of Book 10
11,Book 11,Unknown Author,Description of Book 11
12,Book 12,Unknown Author,Description of Book 12
13,Book 13,Unknown Author,Description of Book 13
14,Book 14,Unknown Author,Description of Book 14
15,Book 15,Unknown Author,Description of Book 15
16,Book 16,Unknown Author,Description of Book 16
17,Book 17,Unknown Author,Description of Book 17
18,Book 18,Unknown Author,Description of Book 18
19,Book 19,Unknown Author,Description of Book 19
20,Book 20,Unknown Author,Description of Book 20
21,Book 21,Unknown Author,Description of Book 21
22,Book 22,Unknown Author,Description of Book 22
23,Book 23,Unknown Author,Description of Book 23
24,Book 24,Unknown Author,Description of Book 24
25,Book 25,Unknown Author,Description of Book 25
26,Book 26,Unknown Author,Description of Book 26
27,Book 27,Unknown Author,Description of Book 27
28,Book 28,Unknown Author,Description of Book 28
29,Book 29,Unknown Author,Description of Book 29
30,Book 30,Unknown Author,Description of Book 30
31,Book 31,Unknown Author,Description of Book 31
32,Book 32,Unknown Author,Description of Book 32
33,Book 33,Unknown Author,Description of Book 33
34,Book 34,Unknown Author,Description of Book 34
35,Book 35,Unknown Author,Description of Book 35
36,Book 36,Unknown Author,Description of Book 36
37,Book 37,Unknown Author,Description of Book 37
38,Book 38,Unknown Author,Description of Book 38
39,Book 39,Unknown Author,Description of Book 39
40,Book 40,Unknown Author,Description of Book 40
41,Book 41,Unknown Author,Description of Book 41
42,Book 42,Unknown Author,Description of Book 42
43,Book 43,Unknown Author,Description of Book 43
44,Book 44,Unknown Author,Description of Book 44
45,Book 45,Unknown Author,Description of Book 45
46,Book 46,Unknown Author,Description of Book 46
47,Book 47,Unknown Author,Description of Book 47
48,Book 48,Unknown Author,Description of Book 48
49,Book 49,Unknown Author,Description of Book 49
50,Book 50,Unknown Author,Description of Book 50
